ini lat (deg),ini lon (deg),ini alt (m),ini vx_body (m/s),ini vy_body (m/s),ini vz_body (m/s),ini yaw (deg),ini pitch (deg),ini roll (deg)
41.9557,-79.8878,-5.40E-08,0,0,0,0,0,0
command type,yaw (deg),pitch (deg),roll (deg),vx_body (m/s),vy_body (m/s),vz_body (m/s),command duration (s),GPS visibility
1,0,0,0,0,0,319,1,0
1,0,0,0,0,-8.290817112,211.934,1,0
1,0,0,0,-22.21447844,-66.32665354,137.143,1,0
1,0,0,0,-44.42895223,-116.0728134,-52.178,1,0
1,0,0,0,-11.10722961,-16.58386987,-13.33,1,0
1,0,0,0,9.51E-06,-0.002268017,-4.85,1,0
1,0,0,0,11.1072434,-8.293247105,-4.85,1,0
1,0,0,0,-22.21445825,-8.293590509,-4.86,1,0
1,0,0,0,11.1072434,-8.293953346,-4.86,1,0
1,0,0,0,-11.1072201,-16.58557392,-4.88,1,0
1,0,0,0,1.24E-05,-8.294640105,-4.86,1,0
1,0,0,0,-11.10721389,-16.58669479,-4.88,1,0
1,0,0,0,1.57E-05,-16.58736211,-4.87,1,0
1,0,0,0,1.57E-05,-8.295955242,-4.89,1,0
1,0,0,0,-22.21442583,-24.88067365,-4.87,1,0
1,0,0,0,11.10724204,-8.297445261,-4.89,1,0
1,0,0,0,-11.10719719,-24.88226727,-4.88,1,0
1,0,0,0,-11.10719079,-8.29883149,-4.92,1,0
1,0,0,0,2.80E-05,-16.5920004,-4.84,1,0
1,0,0,0,-11.10718147,-24.88567459,-4.9,1,0
1,0,0,0,3.28E-05,-8.301163221,-4.9,1,0
1,0,0,0,-11.10717137,-24.88799986,-4.9,1,0
1,0,0,0,-11.10716322,-16.59650191,-4.9,1,0
1,0,0,0,4.37E-05,-16.59762227,-4.9,1,0
1,0,0,0,4.37E-05,-16.59839926,-4.9,1,0
1,0,0,0,-11.10714866,-8.305709209,-5.3,1,0
1,0,0,0,4.97E-05,-0.01243614,-5,1,0
1,0,0,0,4.97E-05,-8.306712406,-5,1,0
1,0,0,0,4.97E-05,16.57632521,-4.8,1,0
1,0,0,0,11.10722961,-8.306530295,-4.9,1,0
1,0,0,0,-11.10713333,-0.012046017,-4.9,1,0
1,0,0,0,4.97E-05,8.282658475,-4.9,1,0
1,0,0,0,4.97E-05,-8.307526512,-4.9,1,0
1,0,0,0,11.10721738,8.283455771,-4.9,1,0
1,0,0,0,-11.1071211,-8.307545195,-4.9,1,0
1,0,0,0,4.97E-05,8.283475943,-4.9,1,0
1,0,0,0,11.10720826,-8.307952405,-4.9,1,0
1,0,0,0,-11.10711198,8.284266656,-4.9,1,0
1,0,0,0,4.97E-05,-8.308741606,-4.9,1,0
1,0,0,0,4.97E-05,-0.012431141,-4.9,1,0
1,0,0,0,4.97E-05,-0.012430751,-4.9,1,0
1,0,0,0,4.97E-05,-0.012430361,-4.9,1,0
1,0,0,0,4.97E-05,-0.012429971,-4.9,1,0
1,0,0,0,4.97E-05,-8.30998271,-4.9,1,0
1,0,0,0,4.97E-05,-0.012636342,-4.9,1,0
1,0,0,0,4.97E-05,8.285331482,-4.9,1,0
1,0,0,0,4.97E-05,-16.60877755,-4.9,1,0
1,0,0,0,4.97E-05,8.285539417,-4.9,1,0
1,0,0,0,-11.10707161,-0.013029585,-4.9,1,0
1,0,0,0,11.10717409,-8.311838061,-4.9,1,0
1,0,0,0,-11.10706521,-0.013242326,-4.9,1,0
1,0,0,0,11.10716768,-0.0132419,-4.9,1,0
1,0,0,0,-11.1070588,-8.312691101,-5,1,0
1,0,0,0,11.10716128,-0.013454607,-4.8,1,0
1,0,0,0,-11.1070524,-0.013454169,-4.9,1,0
1,0,0,0,5.61E-05,-0.013861416,-5,1,0
1,0,0,0,5.61E-05,-8.314177747,-4.8,1,0
1,0,0,0,5.61E-05,-0.014080499,-4.9,1,0
1,0,0,0,5.61E-05,-0.014080028,-5,1,0
1,0,0,0,5.61E-05,-0.014079558,-4.8,1,0
1,0,0,0,5.61E-05,-8.315275869,-5,1,0
1,0,0,0,-11.10702271,-0.014719136,-4.9,1,0
1,0,0,0,11.10713818,-0.01471863,-4.8,1,0
1,0,0,0,5.61E-05,-8.316167245,-5.1,1,0
1,0,0,0,-11.10701262,8.287151999,-4.9,1,0
1,0,0,0,6.29E-05,-16.6197955,-5.3,1,0
1,0,0,0,11.10712459,8.287385928,-5.3,1,0
1,0,0,0,-11.10700233,-8.317724256,-5.4,1,0
1,0,0,0,6.29E-05,-0.015601757,-5.5,1,0
1,0,0,0,6.29E-05,-8.318848674,-5.6,1,0
1,0,0,0,6.29E-05,-0.015833498,-5.8,1,0
1,0,0,0,6.29E-05,-0.015832937,-5.8,1,0
1,0,0,0,-11.10697789,-8.320224608,-5.9,1,0
1,0,0,0,11.10710713,-0.016510854,-6,1,0
1,0,0,0,-11.10697071,-8.32094127,-6.1,1,0
1,0,0,0,7.01E-05,-0.017201587,-6.2,1,0
1,0,0,0,11.10709626,-8.321664314,-6.3,1,0
1,0,0,0,-11.10695984,-0.016986939,-6.3,1,0
1,0,0,0,-11.10694878,-0.017904485,-6.6,1,0
1,0,0,0,11.10709257,-8.323563409,-6.5,1,0
1,0,0,0,7.01E-05,-0.017689756,-6.6,1,0
1,0,0,0,-11.10693753,-8.324312038,-6.7,1,0
1,0,0,0,11.10708131,-8.324815615,-6.9,1,0
1,0,0,0,-11.10692996,-0.018657454,-6.8,1,0
1,0,0,0,7.76E-05,-0.019135105,-6.9,1,0
1,0,0,0,7.76E-05,-8.326313219,-7.1,1,0
1,0,0,0,7.76E-05,-0.019392163,-7.1,1,0
1,0,0,0,-11.10690668,-8.327578618,-7.2,1,0
1,0,0,0,11.10706579,-8.328107828,-7.2,1,0
1,0,0,0,-11.10689873,-0.020404558,-7.3,1,0
1,0,0,0,8.56E-05,-0.020901377,-7.5,1,0
1,0,0,0,8.56E-05,-8.32967584,-7.4,1,0
1,0,0,0,8.56E-05,-8.330217823,-7.5,1,0
1,0,0,0,8.56E-05,-0.021441612,-7.6,1,0
1,0,0,0,8.56E-05,-8.331030289,-7.7,1,0
1,0,0,0,-11.10686613,-0.022228153,-7.7,1,0
1,0,0,0,9.39E-05,-8.332895829,-7.7,1,0
1,0,0,0,9.39E-05,-0.023027415,-8,1,0
1,0,0,0,9.39E-05,-8.333746702,-7.8,1,0
1,0,0,0,9.39E-05,-0.023309683,-9,1,0
1,0,0,0,9.39E-05,-8.334597476,-10.3,1,0
1,0,0,0,-11.10683199,-8.335707571,-10.3,1,0
1,0,0,0,11.10702406,-0.02441769,-10.5,1,0
1,0,0,0,-11.10682326,-8.336577467,-10.6,1,0
1,0,0,0,0.000102628,-8.337713181,-10.5,1,0
1,0,0,0,-11.10680542,-0.026106609,-10.7,1,0
1,0,0,0,11.10701513,-0.0261054,-10.9,1,0
1,0,0,0,0.000102624,-8.338910971,-10.8,1,0
1,0,0,0,-11.10679184,-8.340072232,-10.9,1,0
1,0,0,0,0.00011174,-0.027277075,-11.1,1,0
1,0,0,0,0.000111739,-8.341561405,-11.2,1,0
1,0,0,0,0.000111738,-8.34217999,-11.2,1,0
1,0,0,0,0.000111738,-0.027893051,-11.3,1,0
1,0,0,0,-11.10675926,-0.028472795,-11.5,1,0
1,0,0,0,0.000121241,-16.66014175,-11.6,1,0
1,0,0,0,11.10698253,8.286758299,-11.6,1,0
1,0,0,0,-11.1067449,-8.344962258,-11.8,1,0
1,0,0,0,-11.10673036,-8.346794104,-11.8,1,0
1,0,0,0,11.10697768,-8.347450973,-12.1,1,0
1,0,0,0,0.000121233,8.286822239,-12,1,0
1,0,0,0,-11.10671562,-16.66558741,-12.3,1,0
1,0,0,0,0.000131124,-0.031882068,-12.4,1,0
1,0,0,0,0.000131121,-0.031880435,-12.4,1,0
1,0,0,0,0.000131121,-8.350373147,-12.7,1,0
1,0,0,0,0.000131119,-0.03221271,-12.8,1,0
1,0,0,0,0.000131118,-8.35137649,-12.9,1,0
1,0,0,0,-11.10667528,-0.033170766,-12.6,1,0
1,0,0,0,11.10694256,-8.353018378,-9.4,1,0
1,0,0,0,-11.10666501,-8.353700504,-8.4,1,0
1,0,0,0,0.00014139,-0.034488038,-8.5,1,0
1,0,0,0,0.00014139,-8.355374186,-8.2,1,0
1,0,0,0,0.000141387,-0.034832686,-8.1,1,0
1,0,0,0,-11.10663359,-8.357066901,-8,1,0
1,0,0,0,0.000152052,-8.358432311,-7.8,1,0
1,0,0,0,0.000152049,-0.036839203,-7.6,1,0
1,0,0,0,0.000152048,-8.359511743,-7.3,1,0
1,0,0,0,0.000152046,-0.037196256,-7.1,1,0
1,0,0,0,0.000152044,-8.360591012,-6.8,1,0
1,0,0,0,-11.10659016,-8.361988156,-6.6,1,0
1,0,0,0,0.000163095,-0.039266149,-6.3,1,0
1,0,0,0,0.000163092,-8.363776157,-5.8,1,0
1,0,0,0,0.000163089,-8.364521745,-5.6,1,0
1,0,0,0,0.000163089,-0.040007196,-5,1,0
1,0,0,0,-11.10655081,-8.36633502,-4.8,1,0
1,0,0,0,11.1068826,-8.367093252,-4,1,0
1,0,0,0,-11.10653937,-0.041450433,-3.7,1,0
1,0,0,0,0.00017452,-8.368938183,-3.1,1,0
1,0,0,0,-11.1065161,-0.04324357,-2.4,1,0
1,0,0,0,11.10687095,-16.69838877,-1.8,1,0
1,0,0,0,-11.10650428,-0.044024504,-1,1,0
1,0,0,0,0.00018634,-0.044743495,-0.3,1,0
1,0,0,0,0.000186336,-16.70227264,0.6,1,0
1,0,0,0,-11.10647423,-0.046271342,1.5,1,0
1,0,0,0,11.10685291,-8.375846158,2.4,1,0
1,0,0,0,-11.10646202,-8.376654947,3.4,1,0
1,0,0,0,0.000198541,-0.047821502,4.6,1,0
1,0,0,0,0.000198539,-8.378626492,5.6,1,0
1,0,0,0,-11.10643101,-8.380207839,6.9,1,0
1,0,0,0,11.10683428,-0.049396641,8,1,0
1,0,0,0,-11.10641841,-8.381457327,9.3,1,0
1,0,0,0,0.00021113,-8.383063976,10.7,1,0
1,0,0,0,-11.10639283,-8.384689707,12,1,0
1,0,0,0,11.10682147,-0.052197373,13.3,1,0
1,0,0,0,-11.10637985,-0.052193911,14.7,1,0
1,0,0,0,11.10680848,-16.72061913,16,1,0
1,0,0,0,-11.10636686,8.281596066,17.2,1,0
1,0,0,0,0.000224099,-8.388483398,18.6,1,0
1,0,0,0,-11.10634051,-8.390153239,19.7,1,0
1,0,0,0,11.10679528,-0.055066126,20.7,1,0
1,0,0,0,0.000224088,-0.054264381,21.8,1,0
1,0,0,0,-11.10632055,-0.055058646,22.5,1,0
1,0,0,0,11.10677531,-0.055054879,23.3,1,0
1,0,0,0,-11.10630718,-8.392792241,23.7,1,0
1,0,0,0,11.10676192,8.282693785,24.3,1,0
1,0,0,0,-11.10629381,-0.055043576,24.3,1,0
1,0,0,0,11.10674854,8.28403302,24.6,1,0
1,0,0,0,0.000224064,-0.053801035,24.2,1,0
1,0,0,0,0.000224061,-0.053797406,24.1,1,0
1,0,0,0,0.000224057,8.286591184,23.7,1,0
1,0,0,0,0.000224055,-0.053352825,22.9,1,0
1,0,0,0,0.000224051,8.287910342,22.4,1,0
1,0,0,0,0.000224047,8.288788463,21.5,1,0
1,0,0,0,11.10668921,-0.051696006,20.5,1,0
1,0,0,0,0.000211055,16.63418288,19.7,1,0
1,0,0,0,0.000211052,-0.050069095,18.6,1,0
1,0,0,0,0.00021105,-0.050065811,17.6,1,0
1,0,0,0,11.10665082,16.63833277,16.5,1,0
1,0,0,0,0.000198446,-0.047719644,15.5,1,0
1,0,0,0,-11.10622893,16.64083295,14.3,1,0
1,0,0,0,11.10663202,-0.047623528,13.2,1,0
1,0,0,0,11.10661341,-0.04615525,2.1,1,0
1,0,0,0,-11.10622274,-8.392027382,-4.9,1,0
1,0,0,0,-11.10620414,8.298260534,-4.9,1,0
1,0,0,0,11.1066072,-8.394321746,-4.9,1,0
1,0,0,0,0.000198426,-0.047287111,-4.9,1,0
1,0,0,0,0.000198423,-8.394816796,-5,1,0
1,0,0,0,-11.10617916,-0.0484374,-4.8,1,0
1,0,0,0,0.000211013,-0.049179386,-5,1,0
1,0,0,0,11.1065758,-0.04843109,-4.8,1,0
1,0,0,0,-11.10616018,-8.397637167,-5,1,0
1,0,0,0,0.000211003,-0.049593676,-4.9,1,0
1,0,0,0,0.000211,-8.399647354,-4.9,1,0
1,0,0,0,0.000210995,-0.050010984,-4.9,1,0
1,0,0,0,-11.10612182,-0.050765364,-4.9,1,0
1,0,0,0,11.1065502,-8.402103139,-4.9,1,0
1,0,0,0,-11.10610885,-0.051188751,-4.9,1,0
1,0,0,0,11.10653721,-0.051185338,-5,1,0
1,0,0,0,-11.10609588,-8.403813467,-4.8,1,0
1,0,0,0,0.000223957,-0.052378829,-5,1,0
1,0,0,0,0.000223953,-8.405879778,-4.9,1,0
1,0,0,0,0.000223949,-0.052808166,-4.9,1,0
1,0,0,0,-11.10605637,-0.053581099,-4.9,1,0
1,0,0,0,11.10651084,-8.408403951,-4.9,1,0
1,0,0,0,-11.10604301,-0.054016491,-4.9,1,0
1,0,0,0,0.000237302,-8.410513979,-5,1,0
1,0,0,0,11.10649069,-0.054451704,-4.9,1,0
1,0,0,0,-11.10602287,-8.41105176,-4.8,1,0
1,0,0,0,-11.10600254,-0.056477716,-5,1,0
1,0,0,0,11.1064839,-0.056473718,-4.9,1,0
1,0,0,0,0.000237282,-8.413638086,-4.9,1,0
1,0,0,0,-11.10598202,-0.056921146,-5,1,0
1,0,0,0,0.000251027,-8.416599542,-4.8,1,0
1,0,0,0,11.10645637,-0.05736833,-5,1,0
1,0,0,0,-11.10596131,-8.41715565,-4.9,1,0
1,0,0,0,-11.10594039,-0.05944399,-4.9,1,0
1,0,0,0,11.10644939,-0.059439657,-4.9,1,0
1,0,0,0,0.000251006,-8.419810232,-5,1,0
1,0,0,0,-11.10591929,-8.421556036,-4.9,1,0
1,0,0,0,0.000265135,8.300941923,-4.9,1,0
1,0,0,0,0.000265132,-16.78592192,-4.9,1,0
1,0,0,0,0.000265125,-0.061654656,-4.9,1,0
1,0,0,0,0.000265122,-0.061650102,-5,1,0
1,0,0,0,0.000265118,-8.425673895,-4.9,1,0
1,0,0,0,-11.105862,-0.062954512,-5,1,0
1,0,0,0,11.10639938,-0.062949792,-4.9,1,0
1,0,0,0,-11.10584748,-16.79388498,-4.9,1,0
1,0,0,0,0.000279622,8.301203553,-5,1,0
1,0,0,0,0.000279616,-8.430705162,-5,1,0
1,0,0,0,-11.10581071,-8.432532125,-4.9,1,0
1,0,0,0,11.10637728,-0.066083391,-5.1,1,0
1,0,0,0,-11.10579581,-8.434001428,-5,1,0
1,0,0,0,11.10636236,-0.0665663,-4.2,1,0
1,0,0,0,-11.10578091,-0.066561171,-0.1,1,0
1,0,0,0,0.000294494,-8.436829041,0,1,0
1,0,0,0,0.000294489,-0.067914488,0,1,0
1,0,0,0,-11.10574317,-0.068779781,0,1,0
1,0,0,0,11.10633968,-8.439693809,0,1,0
1,0,0,0,0.000294473,-0.068397702,0,1,0
1,0,0,0,-11.10572034,-0.069269153,0,1,0
1,0,0,0,0.000309756,-8.4425767,0,1,0
1,0,0,0,0.000309749,-0.070646708,0,1,0
1,0,0,0,11.10630132,-0.069758072,0,1,0
1,0,0,0,-11.10568958,-8.443711736,0,1,0
1,0,0,0,-11.10566636,-0.072030915,0,1,0
1,0,0,0,11.10629356,-0.072025073,0,1,0
1,0,0,0,0.00030972,-8.44663742,0,1,0
1,0,0,0,-11.10564295,-0.072531535,0,1,0
1,0,0,0,11.10627012,-0.072525648,0,1,0
1,0,0,0,-11.10562729,-0.072519757,0,1,0
1,0,0,0,0.000325374,-8.450994823,0,1,0
1,0,0,0,0.000325367,-8.452037403,0,1,0
1,0,0,0,0.000325361,8.304188806,0,1,0
1,0,0,0,0.000325353,-8.45307373,0,1,0
1,0,0,0,-11.10557177,-0.075340962,0,1,0
1,0,0,0,11.10623039,-8.455554337,0,1,0
1,0,0,0,-11.10555572,-0.075858898,0,1,0
1,0,0,0,11.10621432,-0.075852578,0,1,0
1,0,0,0,-11.10553967,-0.075846262,0,1,0
1,0,0,0,0.000341377,-8.459101334,0,1,0
1,0,0,0,0.000341369,-0.077283859,0,1,0
1,0,0,0,0.000341364,-8.460698377,0,1,0
1,0,0,0,0.000341355,-0.077807423,0,1,0
1,0,0,0,-11.10548281,-0.07872702,0,1,0
1,0,0,0,11.10617363,-0.078720298,0,1,0
1,0,0,0,-11.10546638,-8.464299913,0,1,0
1,0,0,0,0.000357775,-0.080181967,0,1,0
1,0,0,0,11.10614884,-8.465921097,0,1,0
1,0,0,0,-11.10544163,8.307442251,0,1,0
1,0,0,0,-11.10541668,-16.85664628,0,1,0
1,0,0,0,11.1061405,8.306134739,0,1,0
1,0,0,0,0.000357737,-8.469577041,0,1,0
1,0,0,0,-11.10539155,-0.082182782,0,1,0
1,0,0,0,11.10611532,-0.082175592,0,1,0
1,0,0,0,-11.10537474,-8.472714894,0,1,0
1,0,0,0,0.000374536,-0.083667069,0,1,0
1,0,0,0,0.000374529,-0.083659659,0,1,0
1,0,0,0,0.00037452,-8.475883169,0,1,0
1,0,0,0,0.000374511,-0.084206214,0,1,0
1,0,0,0,0.000374505,-8.477552372,0,1,0
1,0,0,0,-11.10530669,8.308205651,0,1,0
1,0,0,0,11.10606418,-8.479629211,0,1,0
1,0,0,0,-11.10528949,-8.48075668,0,1,0
1,0,0,0,0.000391685,8.30840106,0,1,0
1,0,0,0,0.000391677,-8.482851633,0,1,0
1,0,0,0,0.000391668,-8.483991322,0,1,0
1,0,0,0,0.000391659,8.309572391,0,1,0
1,0,0,0,0.00039165,-8.485122886,0,1,0
1,0,0,0,-11.10521991,-8.487243683,0,1,0
1,0,0,0,11.10601189,8.309775015,0,1,0
1,0,0,0,-11.10520233,-8.488387215,0,1,0
1,0,0,0,0.000409213,-8.490526308,0,1,0
1,0,0,0,0.000409202,8.309984669,0,1,0
1,0,0,0,0.000409194,-8.491681788,0,1,0
1,0,0,0,0.000409183,-8.492845487,0,1,0
1,0,0,0,0.000409175,8.311182103,0,1,0
1,0,0,0,0.000409164,-8.494000527,0,1,0
1,0,0,0,-11.10512234,-0.092389871,0,1,0
1,0,0,0,0.000427127,-8.497746778,0,1,0
1,0,0,0,11.10594044,-0.092964554,0,1,0
1,0,0,0,-11.1050953,-0.092955821,0,1,0
1,0,0,0,0.000427097,-8.500101346,0,1,0
1,0,0,0,-11.10505897,-0.095541526,0,1,0
1,0,0,0,11.10592222,-0.095532353,0,1,0
1,0,0,0,0.000427066,-8.50248014,0,1,0
1,0,0,0,-11.10503155,8.312448318,0,1,0
1,0,0,0,0.000445411,-16.91486572,0,1,0
1,0,0,0,11.10588545,8.313077708,0,1,0
1,0,0,0,-11.10500394,-8.506477335,0,1,0
1,0,0,0,0.000445378,-0.09770357,0,1,0
1,0,0,0,-11.10496685,-8.510325782,0,1,0
1,0,0,0,11.10586685,-0.099318875,0,1,0
1,0,0,0,-11.10494812,-0.099309121,0,1,0
1,0,0,0,11.10584808,-8.512763958,0,1,0
1,0,0,0,-11.10492939,-0.099906324,0,1,0
1,0,0,0,0.000464058,-0.100926319,0,1,0
1,0,0,0,0.000464046,-0.100916303,0,1,0
1,0,0,0,0.000464034,-8.516856393,0,1,0
1,0,0,0,0.000464023,-8.51809201,0,1,0
1,0,0,0,0.000464011,8.315063932,0,1,0
1,0,0,0,-11.10485371,-8.520359297,0,1,0
1,0,0,0,0.000483118,-0.104195157,0,1,0
1,0,0,0,11.10578149,-8.522231788,0,1,0
1,0,0,0,-11.10482495,-0.1037613,0,1,0
1,0,0,0,0.00048308,-0.104798819,0,1,0
1,0,0,0,-11.10478633,-0.105836014,0,1,0
1,0,0,0,11.10576211,-8.527460952,0,1,0
1,0,0,0,0.000483043,-8.527672391,0,1,0
1,0,0,0,-11.10475719,8.315825914,0,1,0
1,0,0,0,0.000502531,-8.53104713,0,1,0
1,0,0,0,11.10572303,-0.107063982,0,1,0
1,0,0,0,-11.10472787,-8.531894619,0,1,0
1,0,0,0,0.00050249,8.316739832,0,1,0
1,0,0,0,-11.10468848,-16.9614353,0,1,0
1,0,0,0,11.10570327,8.316350186,0,1,0
1,0,0,0,0.000502449,-8.536158241,0,1,0
1,0,0,0,-11.10465877,-0.110422861,0,1,0
1,0,0,0,0.000522317,-8.540239416,0,1,0
1,0,0,0,0.000522301,8.317284816,0,1,0
1,0,0,0,0.000522288,-16.9716103,0,1,0
1,0,0,0,0.000522274,8.317968061,0,1,0
1,0,0,0,0.000522258,-8.543489599,0,1,0
1,0,0,0,-11.10457851,-0.11382688,0,1,0
1,0,0,0,11.10563302,-0.113814716,0,1,0
1,0,0,0,-11.10455826,-8.547193482,0,1,0
1,0,0,0,0.000542477,-0.115545824,0,1,0
1,0,0,0,0.000542461,-8.550267764,0,1,0
1,0,0,0,0.000542447,8.319213533,0,1,0
1,0,0,0,0.000542431,-8.551586013,0,1,0
1,0,0,0,0.000542415,-8.552916513,0,1,0
1,0,0,0,-11.10447647,8.319498481,0,1,0
1,0,0,0,0.000563044,-8.556444297,0,1,0
1,0,0,0,11.10556105,-8.556690972,0,1,0
1,0,0,0,-11.10444544,8.320898797,0,1,0
1,0,0,0,0.000562995,-8.559128149,0,1,0
1,0,0,0,0.000562978,-8.560482456,0,1,0
1,0,0,0,-11.10439336,8.32008999,0,1,0
1,0,0,0,11.10552969,-8.56294337,0,1,0
1,0,0,0,-11.10437235,-0.121406431,0,1,0
1,0,0,0,11.10550861,-8.564985785,0,1,0
1,0,0,0,-11.10435134,-0.122069069,0,1,0
1,0,0,0,0.000583917,-0.123175193,0,1,0
1,0,0,0,0.000583899,-8.568835607,0,1,0
1,0,0,0,-11.10429831,8.321407276,0,1,0
1,0,0,0,11.10547667,-17.01840952,0,1,0
1,0,0,0,-11.10427692,8.322137617,0,1,0
1,0,0,0,11.10545521,-8.573408592,0,1,0
1,0,0,0,-11.10425554,-0.125614105,0,1,0
1,0,0,0,0.000605214,-8.57662313,0,1,0
1,0,0,0,0.000605196,8.323175019,0,1,0
1,0,0,0,0.000605176,-8.578009842,0,1,0
1,0,0,0,-11.10419077,-8.580554545,0,1,0
1,0,0,0,11.10541187,-0.129232033,0,1,0
1,0,0,0,-11.10416901,-0.129217086,0,1,0
1,0,0,0,0.000626905,-0.130345452,0,1,0
1,0,0,0,11.10537901,-8.584070472,0,1,0
1,0,0,0,-22.20887739,-0.131035127,0,1,0
1,0,0,0,11.10537897,-0.132169057,0,1,0
1,0,0,0,0.000626823,-8.588053784,0,1,0
1,0,0,0,-11.10408114,-0.132864078,0,1,0
1,0,0,0,11.10534573,-0.132848418,0,1,0
1,0,0,0,-11.104059,-8.592059992,0,1,0
1,0,0,0,0.000648926,-0.134704041,0,1,0
1,0,0,0,0.000648905,-0.134688016,0,1,0
1,0,0,0,0.000648884,-8.596095227,0,1,0
1,0,0,0,0.000648863,-0.135387788,0,1,0
1,0,0,0,-11.10398079,-0.136538598,0,1,0
1,0,0,0,11.10528964,-0.136522201,0,1,0
1,0,0,0,-11.10395827,-8.600874739,0,1,0
1,0,0,0,0.00067134,-0.138399995,0,1,0
1,0,0,0,0.000671319,-8.60424024,0,1,0
1,0,0,0,0.000671295,-0.139110352,0,1,0
1,0,0,0,-11.10389009,-0.140272174,0,1,0
1,0,0,0,11.10524399,-0.140255017,0,1,0
1,0,0,0,-11.10386719,-8.609088868,0,1,0
1,0,0,0,11.105221,-0.140970548,0,1,0
1,0,0,0,-11.10384429,-8.611303899,0,1,0
1,0,0,0,0.000694102,8.328230292,0,1,0
1,0,0,0,0.000694078,-17.08582762,0,1,0
1,0,0,0,-11.10378652,8.327831168,0,1,0
1,0,0,0,11.10518617,-8.617399791,0,1,0
1,0,0,0,-11.10376324,-0.144757265,0,1,0
1,0,0,0,0.000717306,-0.145935346,0,1,0
1,0,0,0,11.10515101,-8.620399165,0,1,0
1,0,0,0,-11.10372823,-0.145464601,0,1,0
1,0,0,0,-11.10369299,-0.14785039,0,1,0
1,0,0,0,11.10513918,-0.147831647,0,1,0
1,0,0,0,0.00071718,-8.625366639,0,1,0
1,0,0,0,-11.1036576,-8.628097288,0,1,0
1,0,0,0,0.000740833,8.329772276,0,1,0
1,0,0,0,0.000740806,-8.6308268,0,1,0
1,0,0,0,0.000740779,-0.150498382,0,1,0
1,0,0,0,0.000740752,-8.633127644,0,1,0
1,0,0,0,0.000740725,8.33218865,0,1,0
1,0,0,0,-11.10356218,-8.635867633,0,1,0
1,0,0,0,11.10505549,-8.637419402,0,1,0
1,0,0,0,-11.10353815,-0.153185748,0,1,0
1,0,0,0,0.0007647,-0.154391219,0,1,0
1,0,0,0,0.00076467,-0.154371118,0,1,0
1,0,0,0,0.000764643,-8.64251107,0,1,0
1,0,0,0,-11.10346544,-0.156353407,0,1,0
1,0,0,0,11.10500677,-0.156332875,0,1,0
1,0,0,0,-11.10344103,-8.646865246,0,1,0
1,0,0,0,0.00078899,8.333030527,0,1,0
1,0,0,0,0.00078896,-17.14182185,0,1,0
1,0,0,0,0.00078893,8.33387604,0,1,0
1,0,0,0,0.0007889,-8.652030159,0,1,0
1,0,0,0,0.00078887,-0.159045445,0,1,0
1,0,0,0,-11.10334259,8.335113034,0,1,0
1,0,0,0,11.10493257,-8.655624937,0,1,0
1,0,0,0,0.000788778,-0.158981867,0,1,0
1,0,0,0,-11.10330552,8.337598475,0,1,0
1,0,0,0,11.10489531,-8.657982213,0,1,0
1,0,0,0,-11.10328074,-0.160159741,0,1,0
1,0,0,0,11.10487041,8.3400894,0,1,0
1,0,0,0,-11.10325597,-0.159308221,0,1,0
1,0,0,0,11.10484551,-8.661131853,0,1,0
1,0,0,0,-11.10323119,8.34257937,0,1,0
1,0,0,0,11.10482061,-8.662706011,0,1,0
1,0,0,0,-11.10320642,8.344238818,0,1,0
1,0,0,0,0.000813302,-0.160435646,0,1,0
1,0,0,0,0.000813271,-0.160413986,0,1,0
1,0,0,0,11.10477062,-8.665865198,0,1,0
1,0,0,0,-11.10315669,8.347569293,0,1,0
1,0,0,0,0.000813174,-0.160349326,0,1,0
1,0,0,0,0.000813142,-0.160327657,0,1,0
1,0,0,0,0.000813108,-0.160305987,0,1,0
1,0,0,0,0.000813077,-0.160284315,0,1,0
1,0,0,0,0.000813043,-0.16026264,0,1,0
1,0,0,0,0.000813011,-0.160240964,0,1,0
1,0,0,0,0.000812979,-0.160219286,0,1,0
1,0,0,0,0.000812945,-0.160197605,0,1,0
1,0,0,0,0.000812913,-0.160175923,0,1,0
1,0,0,0,0.000812881,8.355494755,0,1,0
1,0,0,0,0.000812847,-8.675781545,0,1,0
1,0,0,0,-11.10298197,-0.161342401,0,1,0
1,0,0,0,11.10462007,8.356779355,0,1,0
1,0,0,0,0.000812749,-8.678166878,0,1,0
1,0,0,0,-11.10294437,-0.161276487,0,1,0
1,0,0,0,11.10458227,8.35929501,0,1,0
1,0,0,0,0.000812649,-8.68055119,0,1,0
1,0,0,0,-11.10290677,8.360969432,0,1,0
1,0,0,0,11.10454447,-8.683368503,0,1,0
1,0,0,0,-11.10288165,8.362649829,0,1,0
1,0,0,0,11.10451921,-0.160326443,0,1,0
1,0,0,0,-11.10285652,-8.68575669,0,1,0
1,0,0,0,0.000837638,8.363946154,0,1,0
1,0,0,0,11.10448122,-0.160260475,0,1,0
1,0,0,0,-11.10281874,-0.160238535,0,1,0
1,0,0,0,0.000837534,-0.161439539,0,1,0
1,0,0,0,11.10444324,-8.689746864,0,1,0
1,0,0,0,-11.10278097,8.369379836,0,1,0
1,0,0,0,0.000837429,-0.161373036,0,1,0
1,0,0,0,0.000837396,-0.161350749,0,1,0
1,0,0,0,0.00083736,-0.161328463,0,1,0
1,0,0,0,0.000837325,-0.161306174,0,1,0
1,0,0,0,11.1043671,8.374416752,0,1,0
1,0,0,0,-11.10270524,-8.694519035,0,1,0
1,0,0,0,-11.10266722,-0.162461061,0,1,0
1,0,0,0,11.10435431,-0.162438424,0,1,0
1,0,0,0,0.000837148,-0.161194699,0,1,0
1,0,0,0,0.000837112,8.377425386,0,1,0
1,0,0,0,0.000837077,-8.699747878,0,1,0
1,0,0,0,0.000837041,-0.161127789,0,1,0
1,0,0,0,0.000837005,8.379958544,0,1,0
1,0,0,0,-11.1025785,-8.703367439,0,1,0
1,0,0,0,11.10426508,8.380439306,0,1,0
1,0,0,0,0.000836897,-8.703758278,0,1,0
1,0,0,0,-11.10254037,8.382133801,0,1,0
1,0,0,0,11.10422674,-8.706582392,0,1,0
1,0,0,0,0.000836789,8.385047405,0,1,0
1,0,0,0,-11.10250226,-0.161340428,0,1,0
1,0,0,0,11.10418841,-0.161317882,0,1,0
1,0,0,0,-11.10247678,-8.709795465,0,1,0
1,0,0,0,11.10416279,8.387227357,0,1,0
1,0,0,0,-11.10245131,-0.161250225,0,1,0
1,0,0,0,0.000862114,-0.162439819,0,1,0
1,0,0,0,11.10412426,-0.16120494,0,1,0
1,0,0,0,-11.10241302,-0.161182377,0,1,0
1,0,0,0,0.000862002,-0.162371459,0,1,0
1,0,0,0,0.000861962,-0.162348551,0,1,0
1,0,0,0,11.10407284,-0.161114344,0,1,0
1,0,0,0,-11.1023619,-0.161091776,0,1,0
1,0,0,0,0.000861849,-0.162280163,0,1,0
1,0,0,0,0.000861812,-0.162257251,0,1,0
1,0,0,0,0.000861772,8.396219895,0,1,0
1,0,0,0,0.000861734,-8.720665641,0,1,0
1,0,0,0,0.000861697,-0.162188494,0,1,0
1,0,0,0,0.000861657,-0.162165572,0,1,0
1,0,0,0,0.000861619,8.39963829,0,1,0
1,0,0,0,0.000861581,-8.723900654,0,1,0
1,0,0,0,0.000861541,8.401346794,0,1,0
1,0,0,0,0.000861503,-8.725517442,0,1,0
1,0,0,0,-11.10219513,8.40185179,0,1,0
1,0,0,0,11.10393087,-8.728348857,0,1,0
1,0,0,0,0.000861387,8.404775161,0,1,0
1,0,0,0,0.000861347,-0.161151092,0,1,0
1,0,0,0,-11.10214367,-8.730777932,0,1,0
1,0,0,0,11.1038791,8.406139838,0,1,0
1,0,0,0,-11.10211785,-0.16228429,0,1,0
1,0,0,0,11.10385312,-0.162261119,0,1,0
1,0,0,0,0.000861152,-0.161036266,0,1,0
1,0,0,0,-11.10207921,-8.734838032,0,1,0
1,0,0,0,0.000886969,8.409230004,0,1,0
1,0,0,0,11.10380117,-0.162168404,0,1,0
1,0,0,0,-11.1020404,-0.162145218,0,1,0
1,0,0,0,11.10377519,-0.162122034,0,1,0
1,0,0,0,-11.10201458,-0.162098845,0,1,0
1,0,0,0,0.000886765,8.414373792,0,1,0
1,0,0,0,0.000886724,-8.740902508,0,1,0
1,0,0,0,11.10372306,-0.162028923,0,1,0
1,0,0,0,-11.10196278,-0.162005725,0,1,0
1,0,0,0,0.0008866,-0.163182308,0,1,0
1,0,0,0,0.00088656,8.418685116,0,1,0
1,0,0,0,0.000886518,-8.744979093,0,1,0
1,0,0,0,0.000886476,8.420413902,0,1,0
1,0,0,0,0.000886434,-8.746613673,0,1,0
1,0,0,0,0.000886394,-0.163064555,0,1,0
1,0,0,0,0.000886351,8.423006186,0,1,0
1,0,0,0,0.00088631,-0.16217714,0,1,0
1,0,0,0,0.000886268,-8.749881351,0,1,0
1,0,0,0,0.000886225,8.425597397,0,1,0
1,0,0,0,0.000886185,-8.751514446,0,1,0
1,0,0,0,-11.10178078,8.42613257,0,1,0
1,0,0,0,11.10356606,-0.163251269,0,1,0
1,0,0,0,0.000886058,-0.162036116,0,1,0
1,0,0,0,0.000886016,-0.162012662,0,1,0
1,0,0,0,-11.10172864,-8.756804201,0,1,0
1,0,0,0,11.10351358,8.430467575,0,1,0
1,0,0,0,-11.10170248,-0.163132602,0,1,0
1,0,0,0,11.10348724,-0.163108795,0,1,0
1,0,0,0,-11.10167632,-0.163084982,0,1,0
1,0,0,0,11.10346091,-0.163061168,0,1,0
1,0,0,0,-11.10165016,-0.163037352,0,1,0
1,0,0,0,11.10343458,8.436525451,0,1,0
1,0,0,0,-11.10162401,-8.762528698,0,1,0
1,0,0,0,0.000911828,-0.164155334,0,1,0
1,0,0,0,11.103395,-0.162941891,0,1,0
1,0,0,0,-11.10158469,8.440004368,0,1,0
1,0,0,0,0.000911695,-8.767005585,0,1,0
1,0,0,0,0.000911651,-0.164058973,0,1,0
1,0,0,0,11.10334216,8.442620193,0,1,0
1,0,0,0,-11.10153221,-8.768288794,0,1,0
1,0,0,0,0.000911516,8.443172957,0,1,0
1,0,0,0,0.000911472,-8.771122299,0,1,0
1,0,0,0,0.000911427,8.444920309,0,1,0
1,0,0,0,0.000911383,-8.772772879,0,1,0
1,0,0,0,0.000911336,8.446667169,0,1,0
1,0,0,0,0.000911292,-0.163016745,0,1,0
1,0,0,0,0.000911247,-8.775247793,0,1,0
1,0,0,0,0.000911202,8.449286535,0,1,0
1,0,0,0,-11.10138732,-0.164125176,0,1,0
1,0,0,0,11.10322279,-0.164100743,0,1,0
1,0,0,0,0.000911066,-0.162895989,0,1,0
1,0,0,0,0.000911019,-0.162871901,0,1,0
1,0,0,0,-11.1013345,-0.164027779,0,1,0
1,0,0,0,11.1031696,-0.164003336,0,1,0
1,0,0,0,0.000910883,-0.162799274,0,1,0
1,0,0,0,-11.10129484,-0.163954617,0,1,0
1,0,0,0,11.10312967,-0.163930168,0,1,0
1,0,0,0,-11.10126835,-0.163905715,0,1,0
1,0,0,0,11.10310299,-0.16388126,0,1,0
1,0,0,0,-11.10124185,8.459478119,0,1,0
1,0,0,0,11.10307631,-8.787167266,0,1,0
1,0,0,0,-11.10121536,-0.163807881,0,1,0
1,0,0,0,11.10304963,-0.163783417,0,1,0
1,0,0,0,-11.10118887,8.462988383,0,1,0
1,0,0,0,0.000937,-8.791659673,0,1,0
1,0,0,0,0.000936954,8.463577528,0,1,0
1,0,0,0,11.10299609,-8.792150225,0,1,0
1,0,0,0,-11.10113571,8.466509259,0,1,0
1,0,0,0,0.000936809,-0.163954978,0,1,0
1,0,0,0,0.00093676,-8.795816915,0,1,0
1,0,0,0,0.000936713,8.467981079,0,1,0
1,0,0,0,0.000936664,-0.163880856,0,1,0
1,0,0,0,0.000936614,-8.79831683,0,1,0
1,0,0,0,0.000936567,8.47062926,0,1,0
1,0,0,0,0.000936518,-0.163806713,0,1,0
1,0,0,0,0.000936469,-0.163781991,0,1,0
1,0,0,0,0.000936419,-0.163757271,0,1,0
1,0,0,0,0.000936372,-0.163732548,0,1,0
1,0,0,0,0.000936323,-0.16370782,0,1,0
1,0,0,0,-11.10094898,-0.164852169,0,1,0
1,0,0,0,11.10283485,-0.164827081,0,1,0
1,0,0,0,0.000936174,-0.163633274,0,1,0
1,0,0,0,0.000936127,-0.16360854,0,1,0
1,0,0,0,-11.10089549,-0.164752166,0,1,0
1,0,0,0,11.10278097,8.480042611,0,1,0
1,0,0,0,-11.10086866,-8.809471657,0,1,0
1,0,0,0,11.10275394,-0.164676874,0,1,0
1,0,0,0,-11.10084183,8.482704459,0,1,0
1,0,0,0,11.10272691,-8.811982897,0,1,0
1,0,0,0,-11.100815,-0.16460156,0,1,0
1,0,0,0,11.10269988,8.485365148,0,1,0
1,0,0,0,-11.10078818,-8.814492934,0,1,0
1,0,0,0,0.00096255,8.48597764,0,1,0
1,0,0,0,11.10265924,-0.163639667,0,1,0
1,0,0,0,-11.10074785,-8.817007692,0,1,0
1,0,0,0,0.000962396,8.488643206,0,1,0
1,0,0,0,0.000962344,-0.16472446,0,1,0
1,0,0,0,0.000962292,-8.820693035,0,1,0
1,0,0,0,11.1025914,8.492479757,0,1,0
1,0,0,0,-11.10068053,-0.163489168,0,1,0
1,0,0,0,0.000962136,-0.164623399,0,1,0
1,0,0,0,0.000962084,-0.164598037,0,1,0
1,0,0,0,0.000962032,-0.164572673,0,1,0
1,0,0,0,0.000961978,-0.164547309,0,1,0
1,0,0,0,0.000961926,-0.164521939,0,1,0
1,0,0,0,-11.10057245,-0.165654907,0,1,0
1,0,0,0,11.10250969,-0.165629174,0,1,0
1,0,0,0,0.000961768,-0.164445462,0,1,0
1,0,0,0,0.000961715,8.501100243,0,1,0
1,0,0,0,0.000961662,-8.829915034,0,1,0
1,0,0,0,-11.10050479,-0.165526761,0,1,0
1,0,0,0,11.1024415,8.502626797,0,1,0
1,0,0,0,-11.10047763,-8.833603087,0,1,0
1,0,0,0,11.10241412,-0.16544952,0,1,0
1,0,0,0,0.000961396,8.506467038,0,1,0
1,0,0,0,-11.10043697,-8.836132285,0,1,0
1,0,0,0,11.10237314,8.507102548,0,1,0
1,0,0,0,-11.10040981,-8.837821666,0,1,0
1,0,0,0,0.000988448,8.507744508,0,1,0
1,0,0,0,11.10233198,-0.164425,0,1,0
1,0,0,0,-11.10036898,-0.164399369,0,1,0
1,0,0,0,0.000988281,-8.842360133,0,1,0
1,0,0,0,11.10229083,8.512489101,0,1,0
1,0,0,0,-11.10032816,-0.164322281,0,1,0
1,0,0,0,0.000988114,-0.165445478,0,1,0
1,0,0,0,0.000988057,-0.165419474,-5.6,1,0
1,0,0,0,11.10223591,8.516950656,-32.6,1,0
1,0,0,0,-11.10027368,-0.163350458,-36,1,0
1,0,0,0,11.10220855,17.20254162,-35.9,1,0
1,0,0,0,11.1021679,8.524486991,-36,1,0
1,0,0,0,-11.10026031,-0.158421879,-36.3,1,0
1,0,0,0,11.10214093,17.21260711,-36.6,1,0
1,0,0,0,11.10210087,8.531907286,-37.1,1,0
1,0,0,0,0.000907029,8.534717044,-37.8,1,0
1,0,0,0,0.000906977,17.22443682,-38.6,1,0
1,0,0,0,11.10203499,17.22888369,-39.6,1,0
1,0,0,0,11.10199608,8.5446826,-40.7,1,0
1,0,0,0,0.000855022,17.23788878,-42.3,1,0
1,0,0,0,11.10194495,17.24220442,-43.7,1,0
1,0,0,0,11.10190719,25.93959988,-45.6,1,0
1,0,0,0,11.10187001,17.25353051,-47.8,1,0
1,0,0,0,11.10183341,25.95231741,-50.3,1,0
1,0,0,0,11.10179738,34.65330354,-52.8,1,0
1,0,0,0,22.2027921,34.662219,-55.9,1,0
1,0,0,0,11.10170439,43.36677124,-59.4,1,0
1,0,0,0,33.30368703,43.37753641,-62.8,1,0
1,0,0,0,22.20259286,60.78323118,-66.6,1,0
1,0,0,0,44.40450792,69.4952224,-70,1,0
1,0,0,0,22.20243442,60.81133894,-63.9,1,0
1,0,0,0,11.10140899,26.02570396,-17.3,1,0
1,0,0,0,0.000420492,8.630699697,1,1,0
1,0,0,0,11.10137317,-8.767739162,3.9,1,0
1,0,0,0,-11.10054118,17.33328866,5.4,1,0
1,0,0,0,11.10135544,-0.067009667,7.1,1,0
1,0,0,0,0.000402729,8.635553451,8.9,1,0
1,0,0,0,11.10132039,8.637382276,11.1,1,0
1,0,0,0,0.00038538,17.34212407,13.07,1,0
1,0,0,0,11.10128611,8.641522983,14.88,1,0
1,0,0,0,0.000368415,26.05129561,17.03,1,0
1,0,0,0,22.20213696,8.646757271,19.1,1,0
1,0,0,0,0.000335661,26.05918532,21.13,1,0
1,0,0,0,11.10120423,17.35733538,23.05,1,0
1,0,0,0,11.10118082,26.06661855,24.83,1,0
1,0,0,0,11.10115797,26.07076068,26.37,1,0
1,0,0,0,22.20198221,34.78233506,27.83,1,0
1,0,0,0,0.000260456,17.37229932,29.178,1,0
